address,name,size
0x8003148,"armcc_runtime_entry",0x8
0x8003150,"application_entry_thunk",0x4
0x800315C,"Reset_Handler",0x8
0x8003172,"pend_sv_Handler",0x2
0x8003176,"irq_00_Handler",0x2
0x8003180,"FUN_08003180",0x14
0x80031A4,"FUN_080031a4",0x24
0x80031C8,"FUN_080031c8",0xE
0x80031D6,"FUN_080031d6",0x4
0x80031DA,"armcc_memset_wrapper",0x12
0x80031EC,"FUN_080031ec",0xE
0x80031FA,"FUN_080031fa",0x1E
0x8003218,"FUN_08003218",0x22
0x800323A,"FUN_0800323a",0x32
0x800326C,"FUN_0800326c",0x20
0x80032AA,"FUN_080032aa",0xBA
0x8003346,"FUN_08003346",0x142
0x800348E,"FUN_0800348e",0x6
0x8003494,"FUN_08003494",0x30
0x80034C4,"armcc_scatterload_dispatcher",0x24
0x80034E8,"FUN_080034e8",0x1E
0x8003506,"FUN_08003506",0x24
0x800352A,"FUN_0800352a",0x56
0x8003580,"FUN_08003580",0x2A
0x80035AA,"FUN_080035aa",0xC6
0x8003670,"FUN_08003670",0x56
0x80036D4,"FUN_080036d4",0x2A
0x800370C,"FUN_0800370c",0x44
0x800375C,"FUN_0800375c",0x2A
0x800378C,"FUN_0800378c",0x62
0x80037F4,"FUN_080037f4",0x1C
0x8003814,"FUN_08003814",0x16
0x800382A,"FUN_0800382a",0x16
0x8003840,"FUN_08003840",0x16
0x8003858,"FUN_08003858",0x28
0x8003884,"FUN_08003884",0x1A
0x800389E,"FUN_0800389e",0x12
0x80038B0,"FUN_080038b0",0x42
0x80038FC,"FUN_080038fc",0x3C
0x8003940,"FUN_08003940",0x34
0x8003974,"FUN_08003974",0xE
0x8003984,"FUN_08003984",0x66
0x80039F4,"FUN_080039f4",0x64
0x8003A68,"FUN_08003a68",0x46
0x8003ABC,"FUN_08003abc",0xC
0x8003AC8,"FUN_08003ac8",0x10C
0x8003BDC,"FUN_08003bdc",0x40
0x8003C1C,"FUN_08003c1c",0x40
0x8003C60,"FUN_08003c60",0x1A
0x8003C7A,"FUN_08003c7a",0x70
0x8003CEA,"FUN_08003cea",0xC
0x8003CF6,"FUN_08003cf6",0x80
0x8003D78,"FUN_08003d78",0x70
0x8003DEC,"FUN_08003dec",0x8
0x8003DF4,"FUN_08003df4",0x40
0x8003E34,"FUN_08003e34",0x1E
0x8003E52,"FUN_08003e52",0x20
0x8003E72,"FUN_08003e72",0x20
0x8003E94,"FUN_08003e94",0x144
0x8003FE0,"FUN_08003fe0",0xC8
0x80040D8,"FUN_080040d8",0x54
0x800414C,"FUN_0800414c",0x3C
0x800418C,"FUN_0800418c",0x4C
0x80041DC,"FUN_080041dc",0x10
0x80042F4,"FUN_080042f4",0x10
0x800436C,"FUN_0800436c",0x4A
0x80043C4,"FUN_080043c4",0x362
0x8004730,"FUN_08004730",0x3C
0x8004770,"FUN_08004770",0x98
0x800480C,"FUN_0800480c",0x1C4
0x80049D4,"FUN_080049d4",0xE
0x80049E8,"FUN_080049e8",0x68
0x8004A5C,"FUN_08004a5c",0x10
0x8004A6C,"FUN_08004a6c",0x1C
0x8004A94,"FUN_08004a94",0x84
0x8004B2C,"FUN_08004b2c",0x7C
0x8004BBC,"FUN_08004bbc",0x148
0x8004D14,"FUN_08004d14",0x8
0x8004D1C,"FUN_08004d1c",0x14
0x8004D34,"FUN_08004d34",0x24
0x8004D5C,"FUN_08004d5c",0x10
0x8004D70,"FUN_08004d70",0x82
0x8004E0C,"FUN_08004e0c",0x70
0x8004E84,"FUN_08004e84",0x19E
0x8005034,"FUN_08005034",0x3E
0x800507C,"FUN_0800507c",0x2A
0x80050A6,"FUN_080050a6",0x3A
0x80050E0,"FUN_080050e0",0x2C
0x800510C,"FUN_0800510c",0x44
0x8005150,"FUN_08005150",0x18
0x8005168,"FUN_08005168",0x60
0x80051DC,"FUN_080051dc",0x42
0x8005220,"FUN_08005220",0x54
0x8005278,"FUN_08005278",0x26
0x800529E,"FUN_0800529e",0x56
0x80052F4,"FUN_080052f4",0x36
0x800532C,"FUN_0800532c",0x23E
0x8005588,"FUN_08005588",0x54
0x80055EC,"FUN_080055ec",0x12
0x8005600,"FUN_08005600",0x60
0x8005668,"FUN_08005668",0x7A
0x80056F4,"FUN_080056f4",0xC
0x8005700,"FUN_08005700",0x36
0x80058EC,"FUN_080058ec",0x54
0x8005940,"FUN_08005940",0x16
0x8005994,"FUN_08005994",0x34
0x8005B00,"FUN_08005b00",0x1A
0x8005B20,"FUN_08005b20",0xA
0x8005B2A,"FUN_08005b2a",0x14
0x8005B3E,"bus_fault_Handler",0x2
0x8005B40,"FUN_08005b40",0x2
0x8005B42,"FUN_08005b42",0x40
0x8005B82,"FUN_08005b82",0x42
0x8005BC4,"FUN_08005bc4",0x3E
0x8005C04,"FUN_08005c04",0x44
0x8005C4C,"FUN_08005c4c",0x2A
0x8005C7C,"FUN_08005c7c",0x2E
0x8005CAC,"FUN_08005cac",0xE8
0x8005DE4,"FUN_08005de4",0xFC
0x8005F00,"FUN_08005f00",0x38A
0x80062B8,"FUN_080062b8",0x76
0x8006344,"FUN_08006344",0x144
0x80064C0,"FUN_080064c0",0x3A
0x8006508,"FUN_08006508",0x108
0x8006630,"FUN_08006630",0x92
0x80066EC,"FUN_080066ec",0x1C4
0x80068D8,"FUN_080068d8",0x20
0x80068F8,"FUN_080068f8",0x8E
0x8006994,"FUN_08006994",0x12
0x80069AC,"FUN_080069ac",0x8
0x80069B8,"FUN_080069b8",0x46
0x8006A04,"FUN_08006a04",0x18
0x8006A30,"FUN_08006a30",0x1A
0x8006A4C,"FUN_08006a4c",0xA0
0x8006B04,"FUN_08006b04",0x1C
0x8006B20,"FUN_08006b20",0x96
0x8006BC0,"FUN_08006bc0",0x24
0x8006BE8,"FUN_08006be8",0x24
0x8006C14,"FUN_08006c14",0x64
0x8006C84,"FUN_08006c84",0x30
0x8006CBC,"FUN_08006cbc",0x7A
0x8006D48,"FUN_08006d48",0x8A
0x8006DE0,"FUN_08006de0",0x28
0x8006E08,"FUN_08006e08",0x20
0x8006E28,"irq_15_Handler",0x8
0x8006E30,"irq_17_Handler",0x8
0x8006E38,"FUN_08006e38",0x4
0x8006E3C,"FUN_08006e3c",0x12
0x8006E50,"FUN_08006e50",0xE2
0x8006F38,"FUN_08006f38",0x18
0x8006F50,"FUN_08006f50",0x8
0x8006F58,"FUN_08006f58",0x18
0x8006F70,"FUN_08006f70",0x3C
0x8006FAC,"FUN_08006fac",0xE
0x8006FBA,"FUN_08006fba",0x4
0x8006FC0,"FUN_08006fc0",0x34
0x8007000,"FUN_08007000",0x38
0x8007044,"FUN_08007044",0x26
0x800706A,"FUN_0800706a",0x46
0x80070B0,"FUN_080070b0",0x80
0x8007134,"FUN_08007134",0xA2
0x80071D6,"debug_monitor_Handler",0x2
0x80071D8,"FUN_080071d8",0x6A
0x8007268,"thunk_FUN_0800726e",0x2
0x800726E,"FUN_0800726e",0xA
0x8007274,"FUN_08007274",0xAE
0x8007330,"FUN_08007330",0xBA
0x80075C8,"FUN_080075c8",0xDA
0x80076BC,"FUN_080076bc",0xAE
0x800783C,"FUN_0800783c",0x34
0x8007874,"irq_06_Handler",0x12
0x8007888,"irq_40_Handler",0x22
0x80078B0,"FUN_080078b0",0x46
0x80078F6,"irq_10_Handler",0x12
0x8007908,"irq_23_Handler",0x5C
0x8007970,"FUN_08007970",0x6
0x800797C,"FUN_0800797c",0x22
0x80079A4,"FUN_080079a4",0x8E
0x8007A38,"FUN_08007a38",0x1E
0x8007A68,"FUN_08007a68",0xF2
0x8007B5A,"FUN_08007b5a",0x32
0x8007B8C,"FUN_08007b8c",0xA
0x8007B98,"FUN_08007b98",0x1E
0x8007BC4,"FUN_08007bc4",0xCA
0x8007C9C,"FUN_08007c9c",0x1A
0x8007CC0,"FUN_08007cc0",0xA
0x8007CD0,"FUN_08007cd0",0xC2
0x8007DBC,"FUN_08007dbc",0x16
0x8007DD8,"FUN_08007dd8",0x106
0x8007EE0,"FUN_08007ee0",0xCE
0x8007FB4,"FUN_08007fb4",0x20
0x8007FD4,"FUN_08007fd4",0x90
0x8008080,"FUN_08008080",0x138
0x80081D4,"FUN_080081d4",0xC
0x80081E4,"FUN_080081e4",0x48
0x8008230,"FUN_08008230",0x4E
0x8008284,"FUN_08008284",0x4C
0x80082D4,"FUN_080082d4",0xE
0x80082E8,"FUN_080082e8",0x16
0x8008304,"FUN_08008304",0x56
0x8008360,"FUN_08008360",0x12
0x8008378,"FUN_08008378",0xC
0x8008390,"FUN_08008390",0x26
0x80083B8,"FUN_080083b8",0x24E
0x8008618,"FUN_08008618",0x20E
0x8008838,"FUN_08008838",0x136
0x8008978,"FUN_08008978",0x68
0x80089E4,"FUN_080089e4",0x2D2
0x8008CCC,"FUN_08008ccc",0x17A
0x8008E50,"FUN_08008e50",0x166
0x8008FC0,"FUN_08008fc0",0x112
0x80090D8,"FUN_080090d8",0x3B0
0x8009494,"FUN_08009494",0x4F0
0x800999C,"FUN_0800999c",0x90
0x8009A30,"FUN_08009a30",0x32C
0x8009D6C,"vfp_control_routine_08009d6c",0xFA
0x8009E70,"FUN_08009e70",0x28
0x8009E98,"FUN_08009e98",0x34
0x8009ED4,"FUN_08009ed4",0x12
0x8009EE8,"FUN_08009ee8",0xC4
0x8009FB8,"FUN_08009fb8",0x1C
0x8009FD4,"FUN_08009fd4",0x6
0x8009FDC,"FUN_08009fdc",0xC2
0x800A0AC,"FUN_0800a0ac",0xAC
0x800A160,"FUN_0800a160",0x42
0x800A1B4,"FUN_0800a1b4",0xE2
0x800A2B8,"FUN_0800a2b8",0x2C
0x800A2F0,"FUN_0800a2f0",0x48
0x800A33C,"FUN_0800a33c",0x6
0x800A348,"FUN_0800a348",0x34
0x800A380,"FUN_0800a380",0x5E
0x800A3E4,"FUN_0800a3e4",0x4A
0x800A434,"FUN_0800a434",0x2E
0x800A468,"FUN_0800a468",0x34
0x800A4A0,"FUN_0800a4a0",0x5C
0x800A4FC,"FUN_0800a4fc",0x1A
0x800A51C,"FUN_0800a51c",0x66
0x800A588,"FUN_0800a588",0x3A
0x800A5C8,"FUN_0800a5c8",0x1E4
0x800A7B0,"FUN_0800a7b0",0x18
0x800A7C8,"FUN_0800a7c8",0x12
0x800A7DA,"FUN_0800a7da",0x4
0x800A7DE,"FUN_0800a7de",0x4
0x800A7E2,"FUN_0800a7e2",0xA
0x800A7EC,"FUN_0800a7ec",0x6
0x800A7F8,"FUN_0800a7f8",0x3C
0x800A834,"FUN_0800a834",0x32
0x800A878,"FUN_0800a878",0x6
0x800A884,"FUN_0800a884",0xA8
0x800A938,"FUN_0800a938",0x104
0x800AA44,"FUN_0800aa44",0x8
0x800AA50,"FUN_0800aa50",0x36
0x800AA90,"FUN_0800aa90",0x5E
0x800AAF0,"FUN_0800aaf0",0x6
0x800AAFC,"FUN_0800aafc",0xE
0x800AB10,"FUN_0800ab10",0x38
0x800AB58,"FUN_0800ab58",0x32
0x800AB98,"FUN_0800ab98",0x8
0x800ABA4,"FUN_0800aba4",0x6
0x800ABB0,"FUN_0800abb0",0x6
0x800ABBC,"FUN_0800abbc",0x8
0x800ABC8,"FUN_0800abc8",0x8
0x800ABD4,"FUN_0800abd4",0x6
0x800ABE0,"FUN_0800abe0",0x6
0x800ABEC,"FUN_0800abec",0x184
0x800AD90,"FUN_0800ad90",0x6
0x800AD9C,"FUN_0800ad9c",0x8
0x800ADA8,"FUN_0800ada8",0x6
0x800ADB4,"FUN_0800adb4",0x6
0x800ADC0,"FUN_0800adc0",0x6
0x800ADCC,"FUN_0800adcc",0x6
0x800ADD8,"FUN_0800add8",0x6
0x800ADE4,"FUN_0800ade4",0x24
0x800AE14,"FUN_0800ae14",0x6
0x800AE20,"FUN_0800ae20",0x8
0x800AE2C,"FUN_0800ae2c",0x6
0x800AE38,"FUN_0800ae38",0x6
0x800AE44,"FUN_0800ae44",0x6
0x800AE50,"FUN_0800ae50",0x18
0x800AE70,"FUN_0800ae70",0x18
0x800AE90,"FUN_0800ae90",0x6
0x800AE9C,"FUN_0800ae9c",0x12
0x800AEB4,"FUN_0800aeb4",0xE
0x800AECC,"FUN_0800aecc",0x12
0x800AEE8,"FUN_0800aee8",0x12
0x800AF04,"FUN_0800af04",0xE
0x800AF18,"FUN_0800af18",0x8
0x800AF24,"FUN_0800af24",0x12
0x800AF40,"FUN_0800af40",0x10
0x800AF58,"FUN_0800af58",0x1A
0x800AF7C,"FUN_0800af7c",0xC6
0x800B048,"FUN_0800b048",0x54
0x800B0A0,"FUN_0800b0a0",0x88
0x800B130,"hard_fault_Handler",0x2
0x800B132,"FUN_0800b132",0x2
0x800B134,"FUN_0800b134",0x2AA
0x800B400,"FUN_0800b400",0x32
0x800B438,"FUN_0800b438",0x42
0x800B480,"FUN_0800b480",0x2
0x800B482,"FUN_0800b482",0xC
0x800B490,"FUN_0800b490",0xCC
0x800B57C,"FUN_0800b57c",0xD2
0x800B678,"FUN_0800b678",0x56
0x800B6DC,"irq_34_Handler",0x34
0x800B714,"irq_33_Handler",0x34
0x800B74C,"FUN_0800b74c",0x3A
0x800B794,"FUN_0800b794",0x2A
0x800B7BE,"FUN_0800b7be",0xC
0x800B7CA,"FUN_0800b7ca",0x18
0x800B7E2,"FUN_0800b7e2",0x12
0x800B7F4,"FUN_0800b7f4",0x32
0x800B82C,"FUN_0800b82c",0x18
0x800B844,"FUN_0800b844",0x18
0x800B85C,"FUN_0800b85c",0x18
0x800B874,"FUN_0800b874",0x3A
0x800B8AE,"FUN_0800b8ae",0x1A
0x800B8C8,"FUN_0800b8c8",0xDE
0x800B9B4,"FUN_0800b9b4",0x8
0x800B9BC,"FUN_0800b9bc",0x12
0x800B9CE,"FUN_0800b9ce",0x4
0x800B9D4,"FUN_0800b9d4",0x6
0x800B9E0,"FUN_0800b9e0",0xA
0x800B9F0,"FUN_0800b9f0",0xA
0x800BA00,"FUN_0800ba00",0x6
0x800BA0C,"FUN_0800ba0c",0x6
0x800BA18,"FUN_0800ba18",0x8
0x800BA20,"FUN_0800ba20",0x22
0x800BA44,"FUN_0800ba44",0x50
0x800BAA4,"FUN_0800baa4",0x56
0x800BB08,"FUN_0800bb08",0x36
0x800BB44,"FUN_0800bb44",0x18
0x800BB5C,"FUN_0800bb5c",0xB8
0x800BC18,"FUN_0800bc18",0x48
0x800BC64,"FUN_0800bc64",0x14A
0x800BDB4,"FUN_0800bdb4",0x24
0x800BDDC,"FUN_0800bddc",0x182
0x800BF64,"FUN_0800bf64",0xC
0x800BF70,"FUN_0800bf70",0x1C
0x800BF8C,"FUN_0800bf8c",0x102
0x800C0A0,"FUN_0800c0a0",0xA0
0x800C14C,"FUN_0800c14c",0x20A
0x800C368,"FUN_0800c368",0x2A
0x800C39C,"FUN_0800c39c",0x290
0x800C64C,"FUN_0800c64c",0x40
0x800C6A4,"FUN_0800c6a4",0x6
0x800C6B0,"FUN_0800c6b0",0x92
0x800C788,"FUN_0800c788",0x60
0x800C7EC,"FUN_0800c7ec",0xB8
0x800C8C4,"FUN_0800c8c4",0x42
0x800C910,"FUN_0800c910",0x46
0x800C960,"FUN_0800c960",0xAA
0x800CA18,"FUN_0800ca18",0xAA
0x800CAD0,"FUN_0800cad0",0x3A
0x800CB0C,"FUN_0800cb0c",0xDC
0x800CBF0,"FUN_0800cbf0",0xD4
0x800CCCC,"FUN_0800cccc",0xC4
0x800CD9C,"FUN_0800cd9c",0xBC
0x800CE64,"FUN_0800ce64",0x34
0x800CE98,"FUN_0800ce98",0x34
0x800CECC,"FUN_0800cecc",0xC8
0x800CF94,"FUN_0800cf94",0xFA
0x800D098,"FUN_0800d098",0x60
0x800D0F8,"FUN_0800d0f8",0x3C
0x800D138,"FUN_0800d138",0x1BE
0x800D300,"FUN_0800d300",0x82
0x800D384,"FUN_0800d384",0xE8
0x800D474,"FUN_0800d474",0x52
0x800D4CC,"FUN_0800d4cc",0x62
0x800D538,"FUN_0800d538",0x42
0x800D580,"FUN_0800d580",0x1C
0x800D59C,"FUN_0800d59c",0x76
0x800D618,"FUN_0800d618",0x21A
0x800D854,"FUN_0800d854",0xA
0x800D860,"FUN_0800d860",0x5E
0x800D8C8,"FUN_0800d8c8",0x12
0x800D8DC,"FUN_0800d8dc",0x80
0x800D968,"FUN_0800d968",0x10
0x800D978,"FUN_0800d978",0x18C
0x800DB14,"FUN_0800db14",0x13C
0x800DC5C,"FUN_0800dc5c",0x28
0x800DC84,"FUN_0800dc84",0x36
0x800DCBA,"memory_management_fault_Handler",0x2
0x800DCBC,"FUN_0800dcbc",0x2
0x800DD50,"FUN_0800dd50",0x118
0x800DE6C,"FUN_0800de6c",0x8E
0x800DEFC,"FUN_0800defc",0x4A
0x800DF58,"FUN_0800df58",0xD2
0x800E02C,"FUN_0800e02c",0x5C
0x800E098,"FUN_0800e098",0x18
0x800E0B0,"nmi_Handler",0x2
0x800E0B4,"FUN_0800e0b4",0x64
0x800E124,"FUN_0800e124",0xA
0x800E138,"FUN_0800e138",0x1A
0x800E158,"FUN_0800e158",0xA4
0x800E200,"FUN_0800e200",0xC
0x800E20C,"FUN_0800e20c",0x80
0x800E29C,"FUN_0800e29c",0x6
0x800E2A8,"FUN_0800e2a8",0x54
0x800E304,"FUN_0800e304",0x60
0x800E368,"FUN_0800e368",0xAC
0x800E420,"FUN_0800e420",0x3C
0x800E464,"FUN_0800e464",0x14
0x800E478,"FUN_0800e478",0x12
0x800E490,"FUN_0800e490",0x1E
0x800E4B4,"FUN_0800e4b4",0x12
0x800E4CC,"FUN_0800e4cc",0x46
0x800E518,"FUN_0800e518",0x22
0x800E540,"FUN_0800e540",0x3A
0x800E580,"FUN_0800e580",0x12
0x800E598,"FUN_0800e598",0x14
0x800E5B0,"FUN_0800e5b0",0x38
0x800E5F0,"FUN_0800e5f0",0x16
0x800E60C,"FUN_0800e60c",0x12
0x800E624,"FUN_0800e624",0x1A
0x800E644,"FUN_0800e644",0x1A
0x800E664,"FUN_0800e664",0x1A
0x800E684,"FUN_0800e684",0x1A
0x800E6A4,"FUN_0800e6a4",0x1A
0x800E6C4,"FUN_0800e6c4",0x1A
0x800E6E4,"FUN_0800e6e4",0x6
0x800E6F0,"FUN_0800e6f0",0x6
0x800E6FC,"FUN_0800e6fc",0x6
0x800E708,"FUN_0800e708",0x12E
0x800E858,"FUN_0800e858",0x38
0x800E894,"FUN_0800e894",0xA
0x800E8A4,"FUN_0800e8a4",0x38
0x800E8DC,"FUN_0800e8dc",0x38
0x800E914,"FUN_0800e914",0x38
0x800E94C,"FUN_0800e94c",0x36
0x800E984,"FUN_0800e984",0x1E
0x800E9A8,"FUN_0800e9a8",0x16
0x800E9BE,"FUN_0800e9be",0x1C
0x800E9DC,"FUN_0800e9dc",0x1C
0x800E9FC,"FUN_0800e9fc",0x3A
0x800EA3C,"FUN_0800ea3c",0xCC
0x800EB10,"FUN_0800eb10",0x2A
0x800EB40,"FUN_0800eb40",0x74
0x800EBB8,"FUN_0800ebb8",0x4C
0x800EC08,"FUN_0800ec08",0xE
0x800EC1C,"FUN_0800ec1c",0x44
0x800EC68,"FUN_0800ec68",0x50
0x800ECBC,"FUN_0800ecbc",0x48
0x800ED0C,"FUN_0800ed0c",0x6E
0x800ED80,"FUN_0800ed80",0xC4
0x800EE4C,"FUN_0800ee4c",0x16
0x800EE68,"irq_03_Handler",0x8
0x800EE70,"FUN_0800ee70",0x5C
0x800EED0,"FUN_0800eed0",0x10
0x800EEE0,"FUN_0800eee0",0x80
0x800EF60,"FUN_0800ef60",0x54
0x800EFB8,"FUN_0800efb8",0x4E
0x800F00C,"FUN_0800f00c",0x216
0x800F240,"FUN_0800f240",0x52
0x800F33C,"FUN_0800f33c",0x54
0x800F39C,"FUN_0800f39c",0xCA
0x800F46C,"FUN_0800f46c",0xB6
0x800F534,"FUN_0800f534",0x98
0x800F5D4,"FUN_0800f5d4",0x92
0x800F670,"FUN_0800f670",0x6E
0x800F6E4,"FUN_0800f6e4",0x24
0x800F70C,"FUN_0800f70c",0x24
0x800F734,"FUN_0800f734",0x24
0x800F75C,"FUN_0800f75c",0x24
0x800F784,"FUN_0800f784",0x24
0x800F7AC,"FUN_0800f7ac",0x24
0x800F7D4,"FUN_0800f7d4",0x24
0x800F7FC,"FUN_0800f7fc",0x24
0x800F824,"FUN_0800f824",0x24
0x800F84C,"FUN_0800f84c",0x2
0x800F850,"FUN_0800f850",0x24
0x800F878,"FUN_0800f878",0xBE
0x800F938,"FUN_0800f938",0x3CA
0x800FD2C,"FUN_0800fd2c",0x54
0x800FD80,"FUN_0800fd80",0x3C
0x800FDC4,"FUN_0800fdc4",0x3A
0x800FE08,"FUN_0800fe08",0x90
0x800FEA4,"FUN_0800fea4",0x2A
0x800FED4,"FUN_0800fed4",0x36
0x800FF10,"FUN_0800ff10",0x14C
0x801006C,"FUN_0801006c",0x3E
0x80100B4,"FUN_080100b4",0xA4
0x8010160,"FUN_08010160",0x18
0x801017C,"FUN_0801017c",0x80
0x8010200,"FUN_08010200",0xC6
0x80102CC,"FUN_080102cc",0x2C
0x80102FC,"FUN_080102fc",0x68
0x801036C,"FUN_0801036c",0x72
0x80103E4,"FUN_080103e4",0x6
0x80103EC,"FUN_080103ec",0x18
0x8010408,"FUN_08010408",0x236
0x8010644,"FUN_08010644",0x6
0x801064A,"FUN_0801064a",0x6
0x8010650,"FUN_08010650",0x6
0x8010658,"FUN_08010658",0x7E
0x80106EC,"FUN_080106ec",0x12
0x8010704,"FUN_08010704",0x36
0x8010740,"FUN_08010740",0xBE
0x8010808,"FUN_08010808",0x250
0x8010A64,"FUN_08010a64",0x1F8
0x8010C70,"FUN_08010c70",0x160
0x8010DDC,"FUN_08010ddc",0x62
0x8010E48,"FUN_08010e48",0x12A
0x8010F78,"FUN_08010f78",0x8C
0x8011010,"FUN_08011010",0x14
0x8011024,"FUN_08011024",0x14
0x8011038,"FUN_08011038",0x106
0x801114C,"FUN_0801114c",0x9C
0x80111EC,"FUN_080111ec",0x8E
0x8011290,"FUN_08011290",0x5E
0x8011304,"FUN_08011304",0x58
0x801136C,"FUN_0801136c",0x94
0x801140C,"FUN_0801140c",0x19A
0x80115C4,"FUN_080115c4",0xC0
0x8011694,"FUN_08011694",0x2EA
0x8011994,"FUN_08011994",0x234
0x8011BF8,"FUN_08011bf8",0xBE
0x8011CD0,"FUN_08011cd0",0xC2
0x8011DAC,"FUN_08011dac",0xAE
0x8011E74,"FUN_08011e74",0xAE
0x8011F3C,"FUN_08011f3c",0x430
0x80123B8,"FUN_080123b8",0x9E
0x8012468,"FUN_08012468",0xA6
0x8012524,"FUN_08012524",0x8E
0x80125C4,"FUN_080125c4",0xC2
0x80126A0,"FUN_080126a0",0x18
0x80126B8,"FUN_080126b8",0x1C
0x80126D8,"FUN_080126d8",0x36
0x8012718,"FUN_08012718",0x12
0x801272A,"FUN_0801272a",0x6
0x8012730,"FUN_08012730",0x4
0x8012734,"FUN_08012734",0x3C
0x8012770,"FUN_08012770",0x10
0x8012780,"FUN_08012780",0x8
0x8012788,"FUN_08012788",0x5C
0x80127EC,"FUN_080127ec",0x7E
0x8012870,"FUN_08012870",0x62
0x80128D8,"FUN_080128d8",0x1A
0x80128FC,"svc_Handler",0x2
0x8012900,"FUN_08012900",0x34
0x801293C,"FUN_0801293c",0x76
0x80129C4,"FUN_080129c4",0x28
0x80129F4,"FUN_080129f4",0x22
0x8012A20,"FUN_08012a20",0x8
0x8012A28,"FUN_08012a28",0x28
0x8012A5C,"FUN_08012a5c",0x60
0x8012ABC,"FUN_08012abc",0xCE
0x8012BA0,"FUN_08012ba0",0x134
0x8012CDC,"FUN_08012cdc",0x12A
0x8012E10,"FUN_08012e10",0x4A
0x8012E5C,"FUN_08012e5c",0x6
0x8012E68,"FUN_08012e68",0x8
0x8012E74,"FUN_08012e74",0x8
0x8012E80,"FUN_08012e80",0x8
0x8012E8C,"FUN_08012e8c",0xC
0x8012EA0,"FUN_08012ea0",0x8
0x8012EAC,"FUN_08012eac",0x6
0x8012EB8,"FUN_08012eb8",0x8
0x8012EC4,"FUN_08012ec4",0x8
0x8012ED0,"FUN_08012ed0",0x3E
0x8012F18,"FUN_08012f18",0x8
0x8012F24,"FUN_08012f24",0x6
0x8012F30,"FUN_08012f30",0x6
0x8012F3C,"FUN_08012f3c",0x6
0x8012F48,"FUN_08012f48",0x6
0x8012F54,"FUN_08012f54",0x6
0x8012F60,"FUN_08012f60",0x12
0x8012F7C,"FUN_08012f7c",0x6
0x8012F88,"FUN_08012f88",0x14
0x8012FA4,"FUN_08012fa4",0x6
0x8012FB0,"FUN_08012fb0",0x6
0x8012FBC,"FUN_08012fbc",0x8
0x8012FC8,"FUN_08012fc8",0x8
0x8012FD4,"FUN_08012fd4",0x8
0x8012FE0,"FUN_08012fe0",0x8
0x8012FEC,"FUN_08012fec",0x6
0x8012FF8,"FUN_08012ff8",0x6
0x8013004,"FUN_08013004",0x8
0x8013010,"FUN_08013010",0x8
0x801301C,"FUN_0801301c",0x8
0x8013028,"FUN_08013028",0x6
0x8013034,"FUN_08013034",0x1E
0x801305C,"FUN_0801305c",0x8
0x8013068,"FUN_08013068",0x8
0x8013074,"FUN_08013074",0x8
0x8013080,"FUN_08013080",0x8
0x801308C,"FUN_0801308c",0x6
0x8013098,"FUN_08013098",0x8
0x80130A4,"FUN_080130a4",0x8
0x80130B0,"FUN_080130b0",0x12
0x80130CC,"FUN_080130cc",0x6
0x80130D8,"FUN_080130d8",0x6
0x80130E4,"FUN_080130e4",0x8
0x80130F0,"FUN_080130f0",0xA
0x80130FC,"FUN_080130fc",0x18E
0x80132BC,"FUN_080132bc",0x7E
0x8013350,"FUN_08013350",0x260
0x80135EC,"FUN_080135ec",0x6C
0x8013668,"FUN_08013668",0xC
0x8013674,"FUN_08013674",0xA8
0x8013724,"FUN_08013724",0xA6
0x80137D4,"FUN_080137d4",0xAC
0x8013888,"FUN_08013888",0xC
0x8013894,"FUN_08013894",0xC6
0x8013978,"FUN_08013978",0x20
0x8013998,"FUN_08013998",0x2C
0x80139C4,"FUN_080139c4",0x20
0x80139E4,"FUN_080139e4",0x1B2
0x8013BAC,"FUN_08013bac",0x82
0x8013C3C,"FUN_08013c3c",0x22
0x8013C5E,"FUN_08013c5e",0x26
0x8013C84,"FUN_08013c84",0x28
0x8013CAC,"sys_tick_Handler",0x8
0x8013CB4,"system_init_enable_fpu",0xBC
0x8013D98,"FUN_08013d98",0x3A
0x8013DE8,"FUN_08013de8",0x504
0x801438C,"FUN_0801438c",0x30
0x80143C0,"FUN_080143c0",0xA
0x80143D0,"FUN_080143d0",0x2
0x80143D4,"FUN_080143d4",0x4C
0x8014428,"FUN_08014428",0x16
0x8014444,"FUN_08014444",0x1A
0x8014464,"FUN_08014464",0x2
0x8014466,"FUN_08014466",0x2
0x8014468,"FUN_08014468",0x2
0x801446A,"FUN_0801446a",0x2
0x801446C,"FUN_0801446c",0x2
0x8014470,"FUN_08014470",0x4C
0x80144C0,"FUN_080144c0",0x3C
0x8014500,"FUN_08014500",0x28
0x801452C,"FUN_0801452c",0x2
0x8014530,"FUN_08014530",0x26
0x801455C,"FUN_0801455c",0x16
0x8014578,"FUN_08014578",0x1A
0x8014598,"FUN_08014598",0x26
0x80145C8,"FUN_080145c8",0x2A
0x80145FC,"FUN_080145fc",0x2A
0x8014630,"FUN_08014630",0x1C
0x8014650,"FUN_08014650",0x26
0x8014680,"FUN_08014680",0x16
0x801469C,"FUN_0801469c",0x38
0x80146D8,"FUN_080146d8",0x32
0x8014710,"FUN_08014710",0x20
0x8014738,"FUN_08014738",0x2
0x801473A,"FUN_0801473a",0x2
0x801473C,"FUN_0801473c",0xC
0x801474C,"FUN_0801474c",0x24
0x8014778,"FUN_08014778",0x2
0x801477A,"FUN_0801477a",0x2
0x801477C,"FUN_0801477c",0x8
0x8014784,"FUN_08014784",0xE
0x8014798,"FUN_08014798",0x30
0x80147D0,"FUN_080147d0",0xC
0x80147E0,"FUN_080147e0",0x2
0x80147E4,"FUN_080147e4",0x1A
0x8014804,"FUN_08014804",0xC0
0x80148C8,"FUN_080148c8",0x12
0x80148E4,"FUN_080148e4",0xBE
0x80149B4,"FUN_080149b4",0xA2
0x8014A64,"FUN_08014a64",0x12
0x8014A78,"FUN_08014a78",0x6E
0x8014AEC,"FUN_08014aec",0x60
0x8014B50,"FUN_08014b50",0xBE
0x8014C24,"FUN_08014c24",0xD0
0x8014D04,"FUN_08014d04",0x86
0x8014D90,"FUN_08014d90",0xBE
0x8014E64,"FUN_08014e64",0xD0
0x8014F44,"FUN_08014f44",0x86
0x8014FD0,"irq_37_Handler",0x8
0x8014FD8,"irq_39_Handler",0x8
0x8014FE0,"FUN_08014fe0",0x4A
0x801502C,"FUN_0801502c",0x86
0x80150C8,"FUN_080150c8",0x18
0x80150E0,"FUN_080150e0",0x12
0x80150F2,"FUN_080150f2",0x54
0x8015148,"FUN_08015148",0xA8
0x80151FC,"FUN_080151fc",0x82
0x8015284,"FUN_08015284",0x82
0x801530C,"FUN_0801530c",0x6A
0x8015376,"usage_fault_Handler",0x2
0x8015378,"FUN_08015378",0x2
0x801537C,"FUN_0801537c",0x562
0x801595C,"FUN_0801595c",0x46
0x80159AC,"FUN_080159ac",0xE
0x80159FC,"FUN_080159fc",0xE2
0x8015B60,"FUN_08015b60",0x54
0x8015C5C,"FUN_08015c5c",0x12
0x8015C78,"FUN_08015c78",0x6A6
0x8016368,"FUN_08016368",0x42
0x80163B0,"FUN_080163b0",0x70
0x8016424,"FUN_08016424",0x370
0x80167AC,"FUN_080167ac",0x4E
0x8016800,"FUN_08016800",0x11E
0x8016924,"FUN_08016924",0x30
0x8016958,"FUN_08016958",0x4C
0x80169A4,"FUN_080169a4",0xA0
0x8016A54,"FUN_08016a54",0xBE
0x8016B2C,"FUN_08016b2c",0xA6
0x8016BEC,"FUN_08016bec",0xA6
0x8016CAC,"FUN_08016cac",0x98
0x8016D58,"FUN_08016d58",0x8E
0x8016DF8,"FUN_08016df8",0xBE
0x8016ED0,"FUN_08016ed0",0x6E
0x8016F50,"FUN_08016f50",0x5F0
0x8017588,"FUN_08017588",0x24
0x80175AC,"FUN_080175ac",0x94
0x8017640,"FUN_08017640",0x6C
0x80176AC,"FUN_080176ac",0x5C
0x801770C,"FUN_0801770c",0x48
0x8017758,"FUN_08017758",0x30
0x80177E0,"FUN_080177e0",0x10A
0x80178F8,"FUN_080178f8",0x16
0x8017918,"FUN_08017918",0xF2
0x8017A1C,"FUN_08017a1c",0x3A
0x8017A60,"FUN_08017a60",0x118
0x8017B84,"FUN_08017b84",0xEC
0x8017C7C,"FUN_08017c7c",0x6
0x8017C88,"FUN_08017c88",0x6
0x8017C94,"FUN_08017c94",0x42
0x8017CE0,"FUN_08017ce0",0x2C
0x8017D14,"FUN_08017d14",0xD8
0x8017DF4,"FUN_08017df4",0xF2
0x8017F00,"FUN_08017f00",0xBC
0x8017FC8,"FUN_08017fc8",0x30
0x8017FFC,"FUN_08017ffc",0x38
0x8018040,"FUN_08018040",0xFC
0x8018158,"thunk_FUN_08018160",0x2
0x8018160,"FUN_08018160",0xC
0x8018168,"armcc_scatterload_zeroinit",0xE
0x8018176,"FUN_08018176",0x28
0x801819E,"FUN_0801819e",0x28
0x80181C6,"FUN_080181c6",0x24
0x80181EA,"FUN_080181ea",0x38
0x8018222,"FUN_08018222",0x44
0x8018266,"FUN_08018266",0x22
0x8018288,"FUN_08018288",0x46
0x80182CE,"FUN_080182ce",0x5A
0x8018328,"FUN_08018328",0x62
0x801838A,"FUN_0801838a",0x2A
0x80183B4,"FUN_080183b4",0x4C
0x8018410,"FUN_08018410",0x5E
0x801847C,"FUN_0801847c",0x56
0x80184D4,"FUN_080184d4",0x8
0x80184E0,"FUN_080184e0",0x8
0x80184EC,"FUN_080184ec",0x8
0x80184F8,"FUN_080184f8",0x8
0x8018504,"FUN_08018504",0x8
0x8018510,"FUN_08018510",0x8
0x801851C,"FUN_0801851c",0x6
0x8018528,"FUN_08018528",0x8
0x8018534,"FUN_08018534",0x8
0x8018540,"FUN_08018540",0x8
0x801854C,"FUN_0801854c",0x8
0x8018558,"FUN_08018558",0x8
0x8018564,"FUN_08018564",0x8
0x8018570,"FUN_08018570",0x8
0x801857C,"FUN_0801857c",0x8
0x8018588,"FUN_08018588",0x22E
0x80187B6,"FUN_080187b6",0xCA
0x8018880,"FUN_08018880",0xB8
0x8018938,"FUN_08018938",0xB8
0x80189F0,"FUN_080189f0",0xB2
0x8018AA2,"FUN_08018aa2",0x80
0x8018B22,"FUN_08018b22",0xB2
0x8018BD4,"FUN_08018bd4",0x1BA
0x8018D8E,"FUN_08018d8e",0x1B4
0x8018F42,"FUN_08018f42",0x9C
0x8018FDE,"FUN_08018fde",0x9C
0x801907A,"application_entry",0x1A
0x8019094,"FUN_08019094",0x4C
0x80190E0,"FUN_080190e0",0x4C
0x801912C,"FUN_0801912c",0x24
0x8019150,"FUN_08019150",0x20
0x8019170,"FUN_08019170",0xA4
0x8019214,"FUN_08019214",0xA4
0x80192B8,"FUN_080192b8",0x4E
0x8019306,"FUN_08019306",0x64
0x801936A,"FUN_0801936a",0x60
0x80193CC,"FUN_080193cc",0x126
0x80194FC,"FUN_080194fc",0x16
0x8019524,"FUN_08019524",0x28
